<metadata xml:lang="en"><Esri><CreaDate>20230323</CreaDate><CreaTime>10050300</CreaTime><ArcGISFormat>1.0</ArcGISFormat><SyncOnce>FALSE</SyncOnce><RematchLocator>tl_2022_36055__CreateLocator<Category Locator="Review">Address</Category><Description Locator="Review">Locator built with StreetAddress</Description><CLSID Locator="Review">{26AC4C70-EA6E-4125-86F9-5ED7970D15F7}</CLSID><DefaultLocationType Locator="Review">rooftop</DefaultLocationType><DefaultSuggestCandidates Locator="Review">5</DefaultSuggestCandidates><EnableXYProviders Locator="Review">-1</EnableXYProviders><LocFileUseUTF8 Locator="Review">-1</LocFileUseUTF8><MatchOutOfRange Locator="Review">-1</MatchOutOfRange><MaxCandidates Locator="Review">50</MaxCandidates><MaxSuggestCandidates Locator="Review">15</MaxSuggestCandidates><MinimumCandidateScore Locator="Review">70</MinimumCandidateScore><MinimumMatchScore Locator="Review">75</MinimumMatchScore><NumThreads Locator="Review">4</NumThreads><PrecisionType Locator="Review">GLOBAL_HIGH</PrecisionType><SuggestPartialAddresses Locator="Review">FALSE</SuggestPartialAddresses><SuggestPartialSubaddresses Locator="Review">FALSE</SuggestPartialSubaddresses><SupportsOptionalZone Locator="Review">-1</SupportsOptionalZone><UICLSID Locator="Review">{AE5A3A0E-F756-11D2-9F4F-00C04F8ED1C4}</UICLSID><WarmUp Locator="Review">0</WarmUp><LocatorWorkspaceString Locator="Review">ProgID = esriDataSourcesFile.ShapefileWorkspaceFactory; Path = ..</LocatorWorkspaceString><SafeLocatorName Locator="Review">tl_2022_36055__CreateLocator</SafeLocatorName><EndOffset Locator="Review">6.371</EndOffset><LocatorVersion Locator="Review">11.0</LocatorVersion><BatchSize Locator="Review">500</BatchSize><ServerThreadBatchSize Locator="Review">10</ServerThreadBatchSize><MaxBatchCandidates Locator="Review">50</MaxBatchCandidates><BuildDate Locator="Review">2023-03-23 09:56:17</BuildDate><BuilderVersion Locator="Review">3.0</BuilderVersion><SupportedRoles Locator="Review">StreetAddress</SupportedRoles><SupportedAddressTypes Locator="Review">StreetAddress, StreetInt, StreetAddressExt, StreetName</SupportedAddressTypes><SupportedFeatureTypes Locator="Review">StreetInt, StreetAddress, StreetName</SupportedFeatureTypes><FirstPageSize Locator="Review">200</FirstPageSize><NewPageSize Locator="Review">16</NewPageSize><SideOffset Locator="Review">6.371</SideOffset><SR.wkid Locator="Review">4269</SR.wkid><InTable Locator="Review">::</InTable><InKeyColumns Locator="Review">::</InKeyColumns><InColumns Locator="Review">IN_Address</InColumns><InColumns Locator="Review">IN_Address2</InColumns><InColumns Locator="Review">IN_Address3</InColumns><InColumns Locator="Review">IN_Neighborhood</InColumns><InColumns Locator="Review">IN_City</InColumns><InColumns Locator="Review">IN_Subregion</InColumns><InColumns Locator="Review">IN_Region</InColumns><InColumns Locator="Review">IN_Postal</InColumns><InColumns Locator="Review">IN_PostalExt</InColumns><InColumns Locator="Review">IN_CountryCode</InColumns><OutTable Locator="Review">::</OutTable><OutKeyColumns Locator="Review">::</OutKeyColumns><OutColumns Locator="Review">Shape</OutColumns><OutColumns Locator="Review">Status</OutColumns><OutColumns Locator="Review">Score</OutColumns><OutColumns Locator="Review">Match_addr</OutColumns><OutColumns Locator="Review">LongLabel</OutColumns><OutColumns Locator="Review">ShortLabel</OutColumns><OutColumns Locator="Review">Addr_type</OutColumns><OutColumns Locator="Review">Type</OutColumns><OutColumns Locator="Review">PlaceName</OutColumns><OutColumns Locator="Review">Place_addr</OutColumns><OutColumns Locator="Review">Phone</OutColumns><OutColumns Locator="Review">URL</OutColumns><OutColumns Locator="Review">Rank</OutColumns><OutColumns Locator="Review">AddBldg</OutColumns><OutColumns Locator="Review">AddNum</OutColumns><OutColumns Locator="Review">AddNumFrom</OutColumns><OutColumns Locator="Review">AddNumTo</OutColumns><OutColumns Locator="Review">AddRange</OutColumns><OutColumns Locator="Review">Side</OutColumns><OutColumns Locator="Review">StPreDir</OutColumns><OutColumns Locator="Review">StPreType</OutColumns><OutColumns Locator="Review">StName</OutColumns><OutColumns Locator="Review">StType</OutColumns><OutColumns Locator="Review">StDir</OutColumns><OutColumns Locator="Review">BldgType</OutColumns><OutColumns Locator="Review">BldgName</OutColumns><OutColumns Locator="Review">LevelType</OutColumns><OutColumns Locator="Review">LevelName</OutColumns><OutColumns Locator="Review">UnitType</OutColumns><OutColumns Locator="Review">UnitName</OutColumns><OutColumns Locator="Review">SubAddr</OutColumns><OutColumns Locator="Review">StAddr</OutColumns><OutColumns Locator="Review">Block</OutColumns><OutColumns Locator="Review">Sector</OutColumns><OutColumns Locator="Review">Nbrhd</OutColumns><OutColumns Locator="Review">District</OutColumns><OutColumns Locator="Review">City</OutColumns><OutColumns Locator="Review">MetroArea</OutColumns><OutColumns Locator="Review">Subregion</OutColumns><OutColumns Locator="Review">Region</OutColumns><OutColumns Locator="Review">RegionAbbr</OutColumns><OutColumns Locator="Review">Territory</OutColumns><OutColumns Locator="Review">Zone</OutColumns><OutColumns Locator="Review">Postal</OutColumns><OutColumns Locator="Review">PostalExt</OutColumns><OutColumns Locator="Review">Country</OutColumns><OutColumns Locator="Review">CntryName</OutColumns><OutColumns Locator="Review">LangCode</OutColumns><OutColumns Locator="Review">Distance</OutColumns><OutColumns Locator="Review">X</OutColumns><OutColumns Locator="Review">Y</OutColumns><OutColumns Locator="Review">DisplayX</OutColumns><OutColumns Locator="Review">DisplayY</OutColumns><OutColumns Locator="Review">Xmin</OutColumns><OutColumns Locator="Review">Xmax</OutColumns><OutColumns Locator="Review">Ymin</OutColumns><OutColumns Locator="Review">Ymax</OutColumns><OutColumns Locator="Review">ExInfo</OutColumns><locationType Locator="Review">ROOFTOP</locationType></RematchLocator><DataProperties><lineage><Process ToolSource="c:\program files\arcgis\pro\Resources\ArcToolbox\toolboxes\Geocoding Tools.tbx\GeocodeAddresses" Date="20230323" Time="100503">GeocodeAddresses mystery_locations.csv C:\Users\chris\Documents\ArcGIS\Projects\MyProject\tl_2022_36055__CreateLocator.loc "'Address or Place' address VISIBLE NONE;Address2 &lt;None&gt; VISIBLE NONE;Address3 &lt;None&gt; VISIBLE NONE;Neighborhood &lt;None&gt; VISIBLE NONE;City town VISIBLE NONE;County &lt;None&gt; VISIBLE NONE;State &lt;None&gt; VISIBLE NONE;ZIP Zip VISIBLE NONE;ZIP4 &lt;None&gt; VISIBLE NONE;Country &lt;None&gt; VISIBLE NONE" C:\Users\chris\Documents\ArcGIS\Projects\MyProject\MyProject.gdb\mystery_locations_Geocoded STATIC # "Address location" # All</Process><Process ToolSource="c:\program files\arcgis\pro\Resources\ArcToolbox\toolboxes\Data Management Tools.tbx\CopyFeatures" Date="20230323" Time="100940">CopyFeatures mystery_locations_Geocoded C:\IGME382\LAB8\mystery_locations_Geocoded.shp # # # #</Process></lineage><itemProps><itemName Sync="TRUE">mystery_locations_Geocoded</itemName><imsContentType Sync="TRUE">002</imsContentType><itemSize Sync="TRUE">0.000</itemSize><itemLocation><linkage Sync="TRUE">file://\\DESKTOP-QKPIBC4\C$\IGME382\LAB8\mystery_locations_Geocoded.shp</linkage><protocol Sync="TRUE">Local Area Network</protocol></itemLocation></itemProps><coordRef><type Sync="TRUE">Geographic</type><geogcsn Sync="TRUE">GCS_North_American_1983</geogcsn><csUnits Sync="TRUE">Angular Unit: Degree (0.017453)</csUnits><peXml Sync="TRUE">&lt;GeographicCoordinateSystem xsi:type='typens:GeographicCoordinateSystem' xmlns:xsi='http://www.w3.org/2001/XMLSchema-instance' xmlns:xs='http://www.w3.org/2001/XMLSchema' xmlns:typens='http://www.esri.com/schemas/ArcGIS/3.0.0'&gt;&lt;WKT&gt;GEOGCS[&amp;quot;GCS_North_American_1983&amp;quot;,DATUM[&amp;quot;D_North_American_1983&amp;quot;,SPHEROID[&amp;quot;GRS_1980&amp;quot;,6378137.0,298.257222101]],PRIMEM[&amp;quot;Greenwich&amp;quot;,0.0],UNIT[&amp;quot;Degree&amp;quot;,0.0174532925199433],AUTHORITY[&amp;quot;EPSG&amp;quot;,4269]]&lt;/WKT&gt;&lt;XOrigin&gt;-400&lt;/XOrigin&gt;&lt;YOrigin&gt;-400&lt;/YOrigin&gt;&lt;XYScale&gt;11258999068426.238&lt;/XYScale&gt;&lt;ZOrigin&gt;-100000&lt;/ZOrigin&gt;&lt;ZScale&gt;10000&lt;/ZScale&gt;&lt;MOrigin&gt;-100000&lt;/MOrigin&gt;&lt;MScale&gt;10000&lt;/MScale&gt;&lt;XYTolerance&gt;8.983152841195215e-09&lt;/XYTolerance&gt;&lt;ZTolerance&gt;0.001&lt;/ZTolerance&gt;&lt;MTolerance&gt;0.001&lt;/MTolerance&gt;&lt;HighPrecision&gt;true&lt;/HighPrecision&gt;&lt;LeftLongitude&gt;-180&lt;/LeftLongitude&gt;&lt;WKID&gt;4269&lt;/WKID&gt;&lt;LatestWKID&gt;4269&lt;/LatestWKID&gt;&lt;/GeographicCoordinateSystem&gt;</peXml></coordRef></DataProperties><SyncDate>20230323</SyncDate><SyncTime>10094000</SyncTime><ModDate>20230323</ModDate><ModTime>10094000</ModTime></Esri><dataIdInfo><envirDesc Sync="TRUE">Microsoft Windows 10 Version 10.0 (Build 19045) ; Esri ArcGIS 13.0.3.36057</envirDesc><dataLang><languageCode value="eng" Sync="TRUE"></languageCode><countryCode value="USA" Sync="TRUE"></countryCode></dataLang><idCitation><resTitle Sync="TRUE">mystery_locations_Geocoded</resTitle><presForm><PresFormCd value="005" Sync="TRUE"></PresFormCd></presForm></idCitation><spatRpType><SpatRepTypCd value="001" Sync="TRUE"></SpatRepTypCd></spatRpType></dataIdInfo><mdLang><languageCode value="eng" Sync="TRUE"></languageCode><countryCode value="USA" Sync="TRUE"></countryCode></mdLang><distInfo><distFormat><formatName Sync="TRUE">Shapefile</formatName></distFormat><distTranOps><transSize Sync="TRUE">0.000</transSize></distTranOps></distInfo><mdHrLv><ScopeCd value="005" Sync="TRUE"></ScopeCd></mdHrLv><mdHrLvName Sync="TRUE">dataset</mdHrLvName><refSysInfo><RefSystem><refSysID><identCode code="4269" Sync="TRUE"></identCode><idCodeSpace Sync="TRUE">EPSG</idCodeSpace><idVersion Sync="TRUE">6.5(3.0.1)</idVersion></refSysID></RefSystem></refSysInfo><spatRepInfo><VectSpatRep><geometObjs Name="mystery_locations_Geocoded"><geoObjTyp><GeoObjTypCd value="004" Sync="TRUE"></GeoObjTypCd></geoObjTyp><geoObjCnt Sync="TRUE">0</geoObjCnt></geometObjs><topLvl><TopoLevCd value="001" Sync="TRUE"></TopoLevCd></topLvl></VectSpatRep></spatRepInfo><spdoinfo><ptvctinf><esriterm Name="mystery_locations_Geocoded"><efeatyp Sync="TRUE">Simple</efeatyp><efeageom code="1" Sync="TRUE"></efeageom><esritopo Sync="TRUE">FALSE</esritopo><efeacnt Sync="TRUE">0</efeacnt><spindex Sync="TRUE">FALSE</spindex><linrefer Sync="TRUE">FALSE</linrefer></esriterm></ptvctinf></spdoinfo><eainfo><detailed Name="mystery_locations_Geocoded"><enttyp><enttypl Sync="TRUE">mystery_locations_Geocoded</enttypl><enttypt Sync="TRUE">Feature Class</enttypt><enttypc Sync="TRUE">0</enttypc></enttyp><attr><attrlabl Sync="TRUE">FID</attrlabl><attalias Sync="TRUE">FID</attalias><attrtype Sync="TRUE">OID</attrtype><attwidth Sync="TRUE">4</attwidth><atprecis Sync="TRUE">0</atprecis><attscale Sync="TRUE">0</attscale><attrdef Sync="TRUE">Internal feature number.</attrdef><attrdefs Sync="TRUE">Esri</attrdefs><attrdomv><udom Sync="TRUE">Sequential unique whole numbers that are automatically generated.</udom></attrdomv></attr><attr><attrlabl Sync="TRUE">Shape</attrlabl><attalias Sync="TRUE">Shape</attalias><attrtype Sync="TRUE">Geometry</attrtype><attwidth Sync="TRUE">0</attwidth><atprecis Sync="TRUE">0</atprecis><attscale Sync="TRUE">0</attscale><attrdef Sync="TRUE">Feature geometry.</attrdef><attrdefs Sync="TRUE">Esri</attrdefs><attrdomv><udom Sync="TRUE">Coordinates defining the features.</udom></attrdomv></attr><attr><attrlabl Sync="TRUE">Status</attrlabl><attalias Sync="TRUE">Status</attalias><attrtype Sync="TRUE">String</attrtype><attwidth Sync="TRUE">1</attwidth><atprecis Sync="TRUE">0</atprecis><attscale Sync="TRUE">0</attscale></attr><attr><attrlabl Sync="TRUE">Score</attrlabl><attalias Sync="TRUE">Score</attalias><attrtype Sync="TRUE">Double</attrtype><attwidth Sync="TRUE">19</attwidth><atprecis Sync="TRUE">0</atprecis><attscale Sync="TRUE">0</attscale></attr><attr><attrlabl Sync="TRUE">Match_type</attrlabl><attalias Sync="TRUE">Match_type</attalias><attrtype Sync="TRUE">String</attrtype><attwidth Sync="TRUE">2</attwidth><atprecis Sync="TRUE">0</atprecis><attscale Sync="TRUE">0</attscale></attr><attr><attrlabl Sync="TRUE">Match_addr</attrlabl><attalias Sync="TRUE">Match_addr</attalias><attrtype Sync="TRUE">String</attrtype><attwidth Sync="TRUE">254</attwidth><atprecis Sync="TRUE">0</atprecis><attscale Sync="TRUE">0</attscale></attr><attr><attrlabl Sync="TRUE">LongLabel</attrlabl><attalias Sync="TRUE">LongLabel</attalias><attrtype Sync="TRUE">String</attrtype><attwidth Sync="TRUE">254</attwidth><atprecis Sync="TRUE">0</atprecis><attscale Sync="TRUE">0</attscale></attr><attr><attrlabl Sync="TRUE">ShortLabel</attrlabl><attalias Sync="TRUE">ShortLabel</attalias><attrtype Sync="TRUE">String</attrtype><attwidth Sync="TRUE">254</attwidth><atprecis Sync="TRUE">0</atprecis><attscale Sync="TRUE">0</attscale></attr><attr><attrlabl Sync="TRUE">Addr_type</attrlabl><attalias Sync="TRUE">Addr_type</attalias><attrtype Sync="TRUE">String</attrtype><attwidth Sync="TRUE">20</attwidth><atprecis Sync="TRUE">0</atprecis><attscale Sync="TRUE">0</attscale></attr><attr><attrlabl Sync="TRUE">Type</attrlabl><attalias Sync="TRUE">Type</attalias><attrtype Sync="TRUE">String</attrtype><attwidth Sync="TRUE">50</attwidth><atprecis Sync="TRUE">0</atprecis><attscale Sync="TRUE">0</attscale></attr><attr><attrlabl Sync="TRUE">PlaceName</attrlabl><attalias Sync="TRUE">PlaceName</attalias><attrtype Sync="TRUE">String</attrtype><attwidth Sync="TRUE">200</attwidth><atprecis Sync="TRUE">0</atprecis><attscale Sync="TRUE">0</attscale></attr><attr><attrlabl Sync="TRUE">Place_addr</attrlabl><attalias Sync="TRUE">Place_addr</attalias><attrtype Sync="TRUE">String</attrtype><attwidth Sync="TRUE">254</attwidth><atprecis Sync="TRUE">0</atprecis><attscale Sync="TRUE">0</attscale></attr><attr><attrlabl Sync="TRUE">Phone</attrlabl><attalias Sync="TRUE">Phone</attalias><attrtype Sync="TRUE">String</attrtype><attwidth Sync="TRUE">25</attwidth><atprecis Sync="TRUE">0</atprecis><attscale Sync="TRUE">0</attscale></attr><attr><attrlabl Sync="TRUE">URL</attrlabl><attalias Sync="TRUE">URL</attalias><attrtype Sync="TRUE">String</attrtype><attwidth Sync="TRUE">250</attwidth><atprecis Sync="TRUE">0</atprecis><attscale Sync="TRUE">0</attscale></attr><attr><attrlabl Sync="TRUE">Rank</attrlabl><attalias Sync="TRUE">Rank</attalias><attrtype Sync="TRUE">Double</attrtype><attwidth Sync="TRUE">19</attwidth><atprecis Sync="TRUE">0</atprecis><attscale Sync="TRUE">0</attscale></attr><attr><attrlabl Sync="TRUE">AddBldg</attrlabl><attalias Sync="TRUE">AddBldg</attalias><attrtype Sync="TRUE">String</attrtype><attwidth Sync="TRUE">125</attwidth><atprecis Sync="TRUE">0</atprecis><attscale Sync="TRUE">0</attscale></attr><attr><attrlabl Sync="TRUE">AddNum</attrlabl><attalias Sync="TRUE">AddNum</attalias><attrtype Sync="TRUE">String</attrtype><attwidth Sync="TRUE">50</attwidth><atprecis Sync="TRUE">0</atprecis><attscale Sync="TRUE">0</attscale></attr><attr><attrlabl Sync="TRUE">AddNumFrom</attrlabl><attalias Sync="TRUE">AddNumFrom</attalias><attrtype Sync="TRUE">String</attrtype><attwidth Sync="TRUE">50</attwidth><atprecis Sync="TRUE">0</atprecis><attscale Sync="TRUE">0</attscale></attr><attr><attrlabl Sync="TRUE">AddNumTo</attrlabl><attalias Sync="TRUE">AddNumTo</attalias><attrtype Sync="TRUE">String</attrtype><attwidth Sync="TRUE">50</attwidth><atprecis Sync="TRUE">0</atprecis><attscale Sync="TRUE">0</attscale></attr><attr><attrlabl Sync="TRUE">AddRange</attrlabl><attalias Sync="TRUE">AddRange</attalias><attrtype Sync="TRUE">String</attrtype><attwidth Sync="TRUE">100</attwidth><atprecis Sync="TRUE">0</atprecis><attscale Sync="TRUE">0</attscale></attr><attr><attrlabl Sync="TRUE">Side</attrlabl><attalias Sync="TRUE">Side</attalias><attrtype Sync="TRUE">String</attrtype><attwidth Sync="TRUE">1</attwidth><atprecis Sync="TRUE">0</atprecis><attscale Sync="TRUE">0</attscale></attr><attr><attrlabl Sync="TRUE">StPreDir</attrlabl><attalias Sync="TRUE">StPreDir</attalias><attrtype Sync="TRUE">String</attrtype><attwidth Sync="TRUE">5</attwidth><atprecis Sync="TRUE">0</atprecis><attscale Sync="TRUE">0</attscale></attr><attr><attrlabl Sync="TRUE">StPreType</attrlabl><attalias Sync="TRUE">StPreType</attalias><attrtype Sync="TRUE">String</attrtype><attwidth Sync="TRUE">50</attwidth><atprecis Sync="TRUE">0</atprecis><attscale Sync="TRUE">0</attscale></attr><attr><attrlabl Sync="TRUE">StName</attrlabl><attalias Sync="TRUE">StName</attalias><attrtype Sync="TRUE">String</attrtype><attwidth Sync="TRUE">125</attwidth><atprecis Sync="TRUE">0</atprecis><attscale Sync="TRUE">0</attscale></attr><attr><attrlabl Sync="TRUE">StType</attrlabl><attalias Sync="TRUE">StType</attalias><attrtype Sync="TRUE">String</attrtype><attwidth Sync="TRUE">30</attwidth><atprecis Sync="TRUE">0</atprecis><attscale Sync="TRUE">0</attscale></attr><attr><attrlabl Sync="TRUE">StDir</attrlabl><attalias Sync="TRUE">StDir</attalias><attrtype Sync="TRUE">String</attrtype><attwidth Sync="TRUE">20</attwidth><atprecis Sync="TRUE">0</atprecis><attscale Sync="TRUE">0</attscale></attr><attr><attrlabl Sync="TRUE">BldgType</attrlabl><attalias Sync="TRUE">BldgType</attalias><attrtype Sync="TRUE">String</attrtype><attwidth Sync="TRUE">20</attwidth><atprecis Sync="TRUE">0</atprecis><attscale Sync="TRUE">0</attscale></attr><attr><attrlabl Sync="TRUE">BldgName</attrlabl><attalias Sync="TRUE">BldgName</attalias><attrtype Sync="TRUE">String</attrtype><attwidth Sync="TRUE">50</attwidth><atprecis Sync="TRUE">0</atprecis><attscale Sync="TRUE">0</attscale></attr><attr><attrlabl Sync="TRUE">LevelType</attrlabl><attalias Sync="TRUE">LevelType</attalias><attrtype Sync="TRUE">String</attrtype><attwidth Sync="TRUE">20</attwidth><atprecis Sync="TRUE">0</atprecis><attscale Sync="TRUE">0</attscale></attr><attr><attrlabl Sync="TRUE">LevelName</attrlabl><attalias Sync="TRUE">LevelName</attalias><attrtype Sync="TRUE">String</attrtype><attwidth Sync="TRUE">50</attwidth><atprecis Sync="TRUE">0</atprecis><attscale Sync="TRUE">0</attscale></attr><attr><attrlabl Sync="TRUE">UnitType</attrlabl><attalias Sync="TRUE">UnitType</attalias><attrtype Sync="TRUE">String</attrtype><attwidth Sync="TRUE">20</attwidth><atprecis Sync="TRUE">0</atprecis><attscale Sync="TRUE">0</attscale></attr><attr><attrlabl Sync="TRUE">UnitName</attrlabl><attalias Sync="TRUE">UnitName</attalias><attrtype Sync="TRUE">String</attrtype><attwidth Sync="TRUE">50</attwidth><atprecis Sync="TRUE">0</atprecis><attscale Sync="TRUE">0</attscale></attr><attr><attrlabl Sync="TRUE">SubAddr</attrlabl><attalias Sync="TRUE">SubAddr</attalias><attrtype Sync="TRUE">String</attrtype><attwidth Sync="TRUE">250</attwidth><atprecis Sync="TRUE">0</atprecis><attscale Sync="TRUE">0</attscale></attr><attr><attrlabl Sync="TRUE">StAddr</attrlabl><attalias Sync="TRUE">StAddr</attalias><attrtype Sync="TRUE">String</attrtype><attwidth Sync="TRUE">254</attwidth><atprecis Sync="TRUE">0</atprecis><attscale Sync="TRUE">0</attscale></attr><attr><attrlabl Sync="TRUE">Block</attrlabl><attalias Sync="TRUE">Block</attalias><attrtype Sync="TRUE">String</attrtype><attwidth Sync="TRUE">120</attwidth><atprecis Sync="TRUE">0</atprecis><attscale Sync="TRUE">0</attscale></attr><attr><attrlabl Sync="TRUE">Sector</attrlabl><attalias Sync="TRUE">Sector</attalias><attrtype Sync="TRUE">String</attrtype><attwidth Sync="TRUE">120</attwidth><atprecis Sync="TRUE">0</atprecis><attscale Sync="TRUE">0</attscale></attr><attr><attrlabl Sync="TRUE">Nbrhd</attrlabl><attalias Sync="TRUE">Nbrhd</attalias><attrtype Sync="TRUE">String</attrtype><attwidth Sync="TRUE">120</attwidth><atprecis Sync="TRUE">0</atprecis><attscale Sync="TRUE">0</attscale></attr><attr><attrlabl Sync="TRUE">District</attrlabl><attalias Sync="TRUE">District</attalias><attrtype Sync="TRUE">String</attrtype><attwidth Sync="TRUE">120</attwidth><atprecis Sync="TRUE">0</atprecis><attscale Sync="TRUE">0</attscale></attr><attr><attrlabl Sync="TRUE">City</attrlabl><attalias Sync="TRUE">City</attalias><attrtype Sync="TRUE">String</attrtype><attwidth Sync="TRUE">120</attwidth><atprecis Sync="TRUE">0</atprecis><attscale Sync="TRUE">0</attscale></attr><attr><attrlabl Sync="TRUE">MetroArea</attrlabl><attalias Sync="TRUE">MetroArea</attalias><attrtype Sync="TRUE">String</attrtype><attwidth Sync="TRUE">120</attwidth><atprecis Sync="TRUE">0</atprecis><attscale Sync="TRUE">0</attscale></attr><attr><attrlabl Sync="TRUE">Subregion</attrlabl><attalias Sync="TRUE">Subregion</attalias><attrtype Sync="TRUE">String</attrtype><attwidth Sync="TRUE">120</attwidth><atprecis Sync="TRUE">0</atprecis><attscale Sync="TRUE">0</attscale></attr><attr><attrlabl Sync="TRUE">Region</attrlabl><attalias Sync="TRUE">Region</attalias><attrtype Sync="TRUE">String</attrtype><attwidth Sync="TRUE">120</attwidth><atprecis Sync="TRUE">0</atprecis><attscale Sync="TRUE">0</attscale></attr><attr><attrlabl Sync="TRUE">RegionAbbr</attrlabl><attalias Sync="TRUE">RegionAbbr</attalias><attrtype Sync="TRUE">String</attrtype><attwidth Sync="TRUE">50</attwidth><atprecis Sync="TRUE">0</atprecis><attscale Sync="TRUE">0</attscale></attr><attr><attrlabl Sync="TRUE">Territory</attrlabl><attalias Sync="TRUE">Territory</attalias><attrtype Sync="TRUE">String</attrtype><attwidth Sync="TRUE">120</attwidth><atprecis Sync="TRUE">0</atprecis><attscale Sync="TRUE">0</attscale></attr><attr><attrlabl Sync="TRUE">Zone</attrlabl><attalias Sync="TRUE">Zone</attalias><attrtype Sync="TRUE">String</attrtype><attwidth Sync="TRUE">100</attwidth><atprecis Sync="TRUE">0</atprecis><attscale Sync="TRUE">0</attscale></attr><attr><attrlabl Sync="TRUE">Postal</attrlabl><attalias Sync="TRUE">Postal</attalias><attrtype Sync="TRUE">String</attrtype><attwidth Sync="TRUE">20</attwidth><atprecis Sync="TRUE">0</atprecis><attscale Sync="TRUE">0</attscale></attr><attr><attrlabl Sync="TRUE">PostalExt</attrlabl><attalias Sync="TRUE">PostalExt</attalias><attrtype Sync="TRUE">String</attrtype><attwidth Sync="TRUE">10</attwidth><atprecis Sync="TRUE">0</atprecis><attscale Sync="TRUE">0</attscale></attr><attr><attrlabl Sync="TRUE">Country</attrlabl><attalias Sync="TRUE">Country</attalias><attrtype Sync="TRUE">String</attrtype><attwidth Sync="TRUE">30</attwidth><atprecis Sync="TRUE">0</atprecis><attscale Sync="TRUE">0</attscale></attr><attr><attrlabl Sync="TRUE">CntryName</attrlabl><attalias Sync="TRUE">CntryName</attalias><attrtype Sync="TRUE">String</attrtype><attwidth Sync="TRUE">100</attwidth><atprecis Sync="TRUE">0</atprecis><attscale Sync="TRUE">0</attscale></attr><attr><attrlabl Sync="TRUE">LangCode</attrlabl><attalias Sync="TRUE">LangCode</attalias><attrtype Sync="TRUE">String</attrtype><attwidth Sync="TRUE">5</attwidth><atprecis Sync="TRUE">0</atprecis><attscale Sync="TRUE">0</attscale></attr><attr><attrlabl Sync="TRUE">Distance</attrlabl><attalias Sync="TRUE">Distance</attalias><attrtype Sync="TRUE">Double</attrtype><attwidth Sync="TRUE">19</attwidth><atprecis Sync="TRUE">0</atprecis><attscale Sync="TRUE">0</attscale></attr><attr><attrlabl Sync="TRUE">X</attrlabl><attalias Sync="TRUE">X</attalias><attrtype Sync="TRUE">Double</attrtype><attwidth Sync="TRUE">19</attwidth><atprecis Sync="TRUE">0</atprecis><attscale Sync="TRUE">0</attscale></attr><attr><attrlabl Sync="TRUE">Y</attrlabl><attalias Sync="TRUE">Y</attalias><attrtype Sync="TRUE">Double</attrtype><attwidth Sync="TRUE">19</attwidth><atprecis Sync="TRUE">0</atprecis><attscale Sync="TRUE">0</attscale></attr><attr><attrlabl Sync="TRUE">DisplayX</attrlabl><attalias Sync="TRUE">DisplayX</attalias><attrtype Sync="TRUE">Double</attrtype><attwidth Sync="TRUE">19</attwidth><atprecis Sync="TRUE">0</atprecis><attscale Sync="TRUE">0</attscale></attr><attr><attrlabl Sync="TRUE">DisplayY</attrlabl><attalias Sync="TRUE">DisplayY</attalias><attrtype Sync="TRUE">Double</attrtype><attwidth Sync="TRUE">19</attwidth><atprecis Sync="TRUE">0</atprecis><attscale Sync="TRUE">0</attscale></attr><attr><attrlabl Sync="TRUE">Xmin</attrlabl><attalias Sync="TRUE">Xmin</attalias><attrtype Sync="TRUE">Double</attrtype><attwidth Sync="TRUE">19</attwidth><atprecis Sync="TRUE">0</atprecis><attscale Sync="TRUE">0</attscale></attr><attr><attrlabl Sync="TRUE">Xmax</attrlabl><attalias Sync="TRUE">Xmax</attalias><attrtype Sync="TRUE">Double</attrtype><attwidth Sync="TRUE">19</attwidth><atprecis Sync="TRUE">0</atprecis><attscale Sync="TRUE">0</attscale></attr><attr><attrlabl Sync="TRUE">Ymin</attrlabl><attalias Sync="TRUE">Ymin</attalias><attrtype Sync="TRUE">Double</attrtype><attwidth Sync="TRUE">19</attwidth><atprecis Sync="TRUE">0</atprecis><attscale Sync="TRUE">0</attscale></attr><attr><attrlabl Sync="TRUE">Ymax</attrlabl><attalias Sync="TRUE">Ymax</attalias><attrtype Sync="TRUE">Double</attrtype><attwidth Sync="TRUE">19</attwidth><atprecis Sync="TRUE">0</atprecis><attscale Sync="TRUE">0</attscale></attr><attr><attrlabl Sync="TRUE">ExInfo</attrlabl><attalias Sync="TRUE">ExInfo</attalias><attrtype Sync="TRUE">String</attrtype><attwidth Sync="TRUE">254</attwidth><atprecis Sync="TRUE">0</atprecis><attscale Sync="TRUE">0</attscale></attr><attr><attrlabl Sync="TRUE">IN_Address</attrlabl><attalias Sync="TRUE">IN_Address</attalias><attrtype Sync="TRUE">String</attrtype><attwidth Sync="TRUE">100</attwidth><atprecis Sync="TRUE">0</atprecis><attscale Sync="TRUE">0</attscale></attr><attr><attrlabl Sync="TRUE">IN_Addre_1</attrlabl><attalias Sync="TRUE">IN_Addre_1</attalias><attrtype Sync="TRUE">String</attrtype><attwidth Sync="TRUE">100</attwidth><atprecis Sync="TRUE">0</atprecis><attscale Sync="TRUE">0</attscale></attr><attr><attrlabl Sync="TRUE">IN_Addre_2</attrlabl><attalias Sync="TRUE">IN_Addre_2</attalias><attrtype Sync="TRUE">String</attrtype><attwidth Sync="TRUE">100</attwidth><atprecis Sync="TRUE">0</atprecis><attscale Sync="TRUE">0</attscale></attr><attr><attrlabl Sync="TRUE">IN_Neighbo</attrlabl><attalias Sync="TRUE">IN_Neighbo</attalias><attrtype Sync="TRUE">String</attrtype><attwidth Sync="TRUE">50</attwidth><atprecis Sync="TRUE">0</atprecis><attscale Sync="TRUE">0</attscale></attr><attr><attrlabl Sync="TRUE">IN_City</attrlabl><attalias Sync="TRUE">IN_City</attalias><attrtype Sync="TRUE">String</attrtype><attwidth Sync="TRUE">50</attwidth><atprecis Sync="TRUE">0</atprecis><attscale Sync="TRUE">0</attscale></attr><attr><attrlabl Sync="TRUE">IN_Subregi</attrlabl><attalias Sync="TRUE">IN_Subregi</attalias><attrtype Sync="TRUE">String</attrtype><attwidth Sync="TRUE">50</attwidth><atprecis Sync="TRUE">0</atprecis><attscale Sync="TRUE">0</attscale></attr><attr><attrlabl Sync="TRUE">IN_Region</attrlabl><attalias Sync="TRUE">IN_Region</attalias><attrtype Sync="TRUE">String</attrtype><attwidth Sync="TRUE">50</attwidth><atprecis Sync="TRUE">0</atprecis><attscale Sync="TRUE">0</attscale></attr><attr><attrlabl Sync="TRUE">IN_Postal</attrlabl><attalias Sync="TRUE">IN_Postal</attalias><attrtype Sync="TRUE">String</attrtype><attwidth Sync="TRUE">20</attwidth><atprecis Sync="TRUE">0</atprecis><attscale Sync="TRUE">0</attscale></attr><attr><attrlabl Sync="TRUE">IN_PostalE</attrlabl><attalias Sync="TRUE">IN_PostalE</attalias><attrtype Sync="TRUE">String</attrtype><attwidth Sync="TRUE">20</attwidth><atprecis Sync="TRUE">0</atprecis><attscale Sync="TRUE">0</attscale></attr><attr><attrlabl Sync="TRUE">IN_Country</attrlabl><attalias Sync="TRUE">IN_Country</attalias><attrtype Sync="TRUE">String</attrtype><attwidth Sync="TRUE">100</attwidth><atprecis Sync="TRUE">0</atprecis><attscale Sync="TRUE">0</attscale></attr><attr><attrlabl Sync="TRUE">USER_Name</attrlabl><attalias Sync="TRUE">USER_Name</attalias><attrtype Sync="TRUE">String</attrtype><attwidth Sync="TRUE">254</attwidth><atprecis Sync="TRUE">0</atprecis><attscale Sync="TRUE">0</attscale></attr><attr><attrlabl Sync="TRUE">USER_addre</attrlabl><attalias Sync="TRUE">USER_addre</attalias><attrtype Sync="TRUE">String</attrtype><attwidth Sync="TRUE">254</attwidth><atprecis Sync="TRUE">0</atprecis><attscale Sync="TRUE">0</attscale></attr><attr><attrlabl Sync="TRUE">USER_town</attrlabl><attalias Sync="TRUE">USER_town</attalias><attrtype Sync="TRUE">String</attrtype><attwidth Sync="TRUE">254</attwidth><atprecis Sync="TRUE">0</atprecis><attscale Sync="TRUE">0</attscale></attr><attr><attrlabl Sync="TRUE">USER_Zip</attrlabl><attalias Sync="TRUE">USER_Zip</attalias><attrtype Sync="TRUE">Integer</attrtype><attwidth Sync="TRUE">10</attwidth><atprecis Sync="TRUE">10</atprecis><attscale Sync="TRUE">0</attscale></attr></detailed></eainfo><mdDateSt Sync="TRUE">20230323</mdDateSt></metadata>
